,name
0,data/lcc/test/real/YOUTUBE_id123_s0_45.png
1,data/lcc/test/real/AGL752VM_id147_s0_90.png
2,data/lcc/test/real/YOUTUBE_id39_s0_47.png
3,data/lcc/test/real/YOUTUBE_id29_s0_135.png
4,data/lcc/test/real/MSIGT72_id164_s0_15.png
5,data/lcc/test/real/YOUTUBE_id124_s0_75.png
6,data/lcc/test/real/YOUTUBE_id121_s0_135.png
7,data/lcc/test/real/PBUNKNOWN_id169_s0_135.png
8,data/lcc/test/real/YOUTUBE_id115_s2_75.png
9,data/lcc/test/real/YOUTUBE_id42_s0_45.png
10,data/lcc/test/real/YOUTUBE_id118_s0_120.png
11,data/lcc/test/real/YOUTUBE_id116_s0_135.png
12,data/lcc/test/real/YOUTUBE_id119_s0_15.png
13,data/lcc/test/real/YOUTUBE_id115_s1_45.png
14,data/lcc/test/real/YOUTUBE_id48_s0_45.png
15,data/lcc/test/real/YOUTUBE_id119_s1_15.png
16,data/lcc/test/real/IPHONE8B_id9_s2_150.png
17,data/lcc/test/real/YOUTUBE_id116_s1_105.png
18,data/lcc/test/real/YOUTUBE_id115_s0_120.png
19,data/lcc/test/real/YOUTUBE_id39_s1_75.png
20,data/lcc/test/real/YOUTUBE_id116_s2_75.png
21,data/lcc/test/real/UNKNOWN_id152_s0_15.png
22,data/lcc/test/real/YOUTUBE_id120_s0_117.png
23,data/lcc/test/real/YOUTUBE_id48_s2_78.png
24,data/lcc/test/real/YOUTUBE_id43_s0_90.png
25,data/lcc/test/real/SIC320_id161_s0_60.png
26,data/lcc/test/real/FT720P_id9_s0_90.png
27,data/lcc/test/real/YOUTUBE_id43_s1_30.png
28,data/lcc/test/real/YOUTUBE_id117_s0_135.png
29,data/lcc/test/real/FT720P_id0_s2_15.png
